{
    "adi": {
        "L": 0.11688148373993454
    },
    "arc_distance": {
        "L": 0.45
    },
    "atax": {
        "L": 0.24997750202481778
    },
    "azimint_hist": {
        "L": 0.09374936192505733
    },
    "azimint_naive": {
        "L": 0.08325008602647202
    },
    "bicg": {
        "L": 0.24997750202481778
    },
    "cavity_flow": {
        "L": 0.23914176375485552
    },
    "channel_flow": {
        "L": -1
    },
    "cholesky2": {
        "L": -1
    },
    "cholesky": {
        "L": 0.12335571626970833
    },
    "compute": {
        "L": 0.166666666015625
    },
    "contour_integral": {
        "L": -1
    },
    "conv2d_bias": {
        "L": 0.22095587948471931
    },
    "correlation": {
        "L": 0.2486965023205281
    },
    "covariance": {
        "L": 0.24900464040585712
    },
    "crc16": {
        "L": 3.062500341796608
    },
    "deriche": {
        "L": 0.09522838014965147
    },
    "durbin": {
        "L": 0.055546298425397767
    },
    "fdtd_2d": {
        "L": 0.13740892302366176
    },
    "floyd_warshall": {
        "L": -1
    },
    "gemm": {
        "L": 239.77197379099556
    },
    "gemver": {
        "L": 0.22493352170288694
    },
    "gesummv": {
        "L": 0.12499107196000492
    },
    "go_fast": {
        "L": 0.062495313163958024
    },
    "gramschmidt": {
        "L": 0.09959298544800632
    },
    "hdiff": {
        "L": 0.1997012193970714
    },
    "heat_3d": {
        "L": 0.45833929359960696
    },
    "jacobi_1d": {
        "L": 0.18749448513191563
    },
    "jacobi_2d": {
        "L": 0.31160586735215984
    },
    "k2mm": {
        "L": 295.6434906611877
    },
    "k3mm": {
        "L": 522.4425887265136
    },
    "lenet": {
        "L": -1
    },
    "ludcmp": {
        "L": 0.12357447205738405
    },
    "lu": {
        "L": 0.12367706257970527
    },
    "mandelbrot1": {
        "L": 0.024950586452355362
    },
    "mlp": {
        "L": 3.9909878358157225
    },
    "mvt": {
        "L": 0.24994887525562373
    },
    "nbody": {
        "L": -1
    },
    "nussinov": {
        "L": 0.21516250079501367
    },
    "resnet": {
        "L": 0.22952296523531932
    },
    "scattering_self_energies": {
        "L": 0.1005586592178771
    },
    "seidel_2d": {
        "L": 0.08018359114021462
    },
    "softmax": {
        "L": 0.16623376623376623
    },
    "spmv": {
        "L": -1
    },
    "symm": {
        "L": 0.09929496038198941
    },
    "syr2k": {
        "L": 0.18570249019580182
    },
    "syrk": {
        "L": 0.08289291672535831
    },
    "trisolv": {
        "L": 0.12490186982586354
    },
    "trmm": {
        "L": 0.08306311429968931
    },
    "vadv": {
        "L": 0.09863677586014566
    }
}