kernel,OI_fitted_func,line_size,sim_time_sec,Volume_total_tv,Vol_read_tv,Vol_w_tv
jacobi_1d,4.19386094763803e-5*N**3.0*log(N)**2/log(2)**2 + 258.38757054251,8,-0.6496666666666666,16*N*(TSTEPS - 1) + 16*(N - 2)*(TSTEPS - 1),16*N*(TSTEPS - 1),16*(N - 2)*(TSTEPS - 1)
gesummv,0.0106040684265973*N**2.25*log(N)**2/log(2)**2 + 462.622807429321,8,-5.84435,16*N**2 + 80*N + 16,16*N**2 + 40*N + 16,40*N
jacobi_1d,4.19386094763803e-5*N**3.0*log(N)**2/log(2)**2 + 258.38757054251,64,-0.7053333333333334,16*N*(TSTEPS - 1) + 16*(N - 2)*(TSTEPS - 1),16*N*(TSTEPS - 1),16*(N - 2)*(TSTEPS - 1)
gesummv,0.0106040684265973*N**2.25*log(N)**2/log(2)**2 + 462.622807429321,64,-5.986666666666666,16*N**2 + 80*N + 16,16*N**2 + 40*N + 16,40*N
